"","Group.1","Group.2","Schar","mod","res","lweight","err","Neps"
"4","gjam3","S=100",NA,NA,9.555,0.055,48.9024713208588,26
"5","gjam4","S=100",NA,NA,10.05,0.058,47.3270500093157,203
"9","gjam3","S=300",NA,NA,19.4025,0.023,78.3116243274115,38
"10","gjam4","S=300",NA,NA,20.115,0.114,75.437877684792,203
"14","gjam3","S=500",NA,NA,49.645,0.05,96.1269642972095,98
"15","gjam4","S=500",NA,NA,50.1075,0.084,83.4187619482319,203
